{
  "accuracy": 0.9666666666666667,
  "precision_macro": 0.9696969696969697,
  "recall_macro": 0.9666666666666667,
  "f1_macro": 0.9665831244778612,
  "n_test": 30,
  "roc_auc_ovr": 0.9933333333333333
}